{
  "project_info": {
    "project_number": "678423502733",
    "firebase_url": "https://growwith-d9b9c.firebaseio.com",
    "project_id": "growwith-d9b9c",
    "storage_bucket": "growwith-d9b9c.appspot.com"
  },
  "client": [
    {
      "client_info": {
        "mobilesdk_app_id": "1:678423502733:android:e44bd27dc380eab4",
        "android_client_info": {
          "package_name": "com.madonasyombua.growwithgoogleteamproject"
        }
      },
      "oauth_client": [
        {
          "client_id": "678423502733-ellke27c3lgu8d4jd2pnbib292laf52p.apps.googleusercontent.com",
          "client_type": 1,
          "android_info": {
            "package_name": "com.madonasyombua.growwithgoogleteamproject",
            "certificate_hash": "82f00179e711e0693745358b9498249d8b359771"
          }
        },
        {
          "client_id": "678423502733-915v1ugl109uul3kmd6pebqfbe1pgi3d.apps.googleusercontent.com",
          "client_type": 3
        }
      ],
      "api_key": [
        {
          "current_key": "AIzaSyC3Ka_qRbglKjXpDacQ-B0BGZbYKdGCb8o"
        }
      ],
      "services": {
        "appinvite_service": {
          "other_platform_oauth_client": [
            {
              "client_id": "678423502733-915v1ugl109uul3kmd6pebqfbe1pgi3d.apps.googleusercontent.com",
              "client_type": 3
            }
          ]
        }
      }
    }
  ],
  "configuration_version": "1"
}